date,state,positive,negative,pending,hospitalized,death,total,dateChecked
20200324,AK,36,986,,0,,1022,2020-03-24T20:00:00Z
20200324,AL,215,2106,,,0,2321,2020-03-24T20:00:00Z
20200324,AR,218,947,0,22,0,1165,2020-03-24T20:00:00Z
20200324,AS,0,,,,0,0,2020-03-24T20:00:00Z
20200324,AZ,357,313,22,8,5,692,2020-03-24T20:00:00Z
20200324,CA,2102,13452,12100,,40,27654,2020-03-24T20:00:00Z
20200324,CO,720,5504,,72,7,6224,2020-03-24T20:00:00Z
20200324,CT,618,4682,,71,12,5300,2020-03-24T20:00:00Z
20200324,DC,137,1195,2,,2,1334,2020-03-24T20:00:00Z
20200324,DE,91,36,,0,0,127,2020-03-24T20:00:00Z
20200324,FL,1412,13127,1008,259,18,15547,2020-03-24T20:00:00Z
20200324,GA,1026,4458,,,32,5484,2020-03-24T20:00:00Z
20200324,GU,32,201,,5,1,233,2020-03-24T20:00:00Z
20200324,HI,77,3589,,4,1,3666,2020-03-24T20:00:00Z
20200324,IA,124,2315,,27,,2439,2020-03-24T20:00:00Z
20200324,ID,50,1887,,,0,1937,2020-03-24T20:00:00Z
20200324,IL,1551,9934,,,16,11485,2020-03-24T20:00:00Z
20200324,IN,365,2566,,1,12,2931,2020-03-24T20:00:00Z
20200324,KS,98,2086,,,2,2184,2020-03-24T20:00:00Z
20200324,KY,124,1742,,,4,1866,2020-03-24T20:00:00Z
20200324,LA,1388,7215,,271,46,8603,2020-03-24T20:00:00Z
20200324,MA,1159,12590,,94,11,13749,2020-03-24T20:00:00Z
20200324,MD,349,94,,,3,443,2020-03-24T20:00:00Z
20200324,ME,125,3014,,,,3139,2020-03-24T20:00:00Z
20200324,MI,1791,2069,,,24,3860,2020-03-24T20:00:00Z
20200324,MN,262,5550,,21,1,5812,2020-03-24T20:00:00Z
20200324,MO,183,369,,,3,552,2020-03-24T20:00:00Z
20200324,MP,0,,,,0,0,2020-03-24T20:00:00Z
20200324,MS,320,1552,,86,1,1872,2020-03-24T20:00:00Z
20200324,MT,46,1643,,,,1689,2020-03-24T20:00:00Z
20200324,NC,398,8141,,,0,8539,2020-03-24T20:00:00Z
20200324,ND,34,1454,,5,0,1488,2020-03-24T20:00:00Z
20200324,NE,52,975,,,0,1027,2020-03-24T20:00:00Z
20200324,NH,101,1447,869,11,1,2417,2020-03-24T20:00:00Z
20200324,NJ,3675,8325,45,,44,12045,2020-03-24T20:00:00Z
20200324,NM,83,5890,,,,5973,2020-03-24T20:00:00Z
20200324,NV,278,3954,0,,4,4232,2020-03-24T20:00:00Z
20200324,NY,25665,65605,,3234,210,91270,2020-03-24T20:00:00Z
20200324,OH,564,140,,145,8,704,2020-03-24T20:00:00Z
20200324,OK,106,735,,25,3,841,2020-03-24T20:00:00Z
20200324,OR,209,4350,,61,8,4559,2020-03-24T20:00:00Z
20200324,PA,851,8643,,,7,9494,2020-03-24T20:00:00Z
20200324,PR,39,268,42,,2,349,2020-03-24T20:00:00Z
20200324,RI,106,1120,77,,,1303,2020-03-24T20:00:00Z
20200324,SC,298,2012,,,5,2310,2020-03-24T20:00:00Z
20200324,SD,30,790,268,,1,1088,2020-03-24T20:00:00Z
20200324,TN,667,10517,,,2,11184,2020-03-24T20:00:00Z
20200324,TX,410,10757,,,9,11167,2020-03-24T20:00:00Z
20200324,UT,299,5524,,,1,5823,2020-03-24T20:00:00Z
20200324,VA,290,4180,,45,7,4470,2020-03-24T20:00:00Z
20200324,VI,17,,,,0,17,2020-03-24T20:00:00Z
20200324,VT,95,1440,,,7,1535,2020-03-24T20:00:00Z
20200324,WA,2221,31712,,,110,33933,2020-03-24T20:00:00Z
20200324,WI,457,8237,,,5,8694,2020-03-24T20:00:00Z
20200324,WV,20,610,0,1,0,630,2020-03-24T20:00:00Z
20200324,WY,29,710,,,,739,2020-03-24T20:00:00Z
20200323,AK,22,946,,0,,968,2020-03-23T20:00:00Z
20200323,AL,167,1665,,,0,1832,2020-03-23T20:00:00Z
20200323,AR,174,906,0,13,0,1080,2020-03-23T20:00:00Z
20200323,AS,,,,,0,0,2020-03-23T20:00:00Z
20200323,AZ,265,309,6,,2,580,2020-03-23T20:00:00Z
20200323,CA,1733,12567,12100,,27,26400,2020-03-23T20:00:00Z
20200323,CO,591,4845,,58,6,5436,2020-03-23T20:00:00Z
20200323,CT,415,4085,,54,10,4500,2020-03-23T20:00:00Z
20200323,DC,116,1113,,,2,1229,2020-03-23T20:00:00Z
20200323,DE,68,36,,0,0,104,2020-03-23T20:00:00Z
20200323,FL,1171,11063,860,217,14,13094,2020-03-23T20:00:00Z
20200323,GA,772,4297,,,25,5069,2020-03-23T20:00:00Z
20200323,GU,29,161,,,1,190,2020-03-23T20:00:00Z
20200323,HI,56,2955,,,,3011,2020-03-23T20:00:00Z
20200323,IA,105,2043,,,,2148,2020-03-23T20:00:00Z
20200323,ID,47,1309,,,0,1356,2020-03-23T20:00:00Z
20200323,IL,1285,8583,,,12,9868,2020-03-23T20:00:00Z
20200323,IN,259,1701,,1,7,1960,2020-03-23T20:00:00Z
20200323,KS,82,417,,,2,499,2020-03-23T20:00:00Z
20200323,KY,104,1762,,,3,1866,2020-03-23T20:00:00Z
20200323,LA,1172,4776,,,34,5948,2020-03-23T20:00:00Z
20200323,MA,777,8145,,79,9,8922,2020-03-23T20:00:00Z
20200323,MD,288,94,,,3,382,2020-03-23T20:00:00Z
20200323,ME,107,2791,,,,2898,2020-03-23T20:00:00Z
20200323,MI,1328,2069,,,15,3397,2020-03-23T20:00:00Z
20200323,MN,235,4511,,17,1,4746,2020-03-23T20:00:00Z
20200323,MO,183,369,,,3,552,2020-03-23T20:00:00Z
20200323,MP,0,,,,0,0,2020-03-23T20:00:00Z
20200323,MS,249,1143,,33,1,1392,2020-03-23T20:00:00Z
20200323,MT,34,1146,,,,1180,2020-03-23T20:00:00Z
20200323,NC,297,8141,,,0,8438,2020-03-23T20:00:00Z
20200323,ND,30,1353,,4,0,1383,2020-03-23T20:00:00Z
20200323,NE,50,356,,,0,406,2020-03-23T20:00:00Z
20200323,NH,78,1374,889,,,2341,2020-03-23T20:00:00Z
20200323,NJ,2844,359,94,,27,3297,2020-03-23T20:00:00Z
20200323,NM,65,5321,,,,5386,2020-03-23T20:00:00Z
20200323,NV,245,3490,0,,4,3735,2020-03-23T20:00:00Z
20200323,NY,20875,57414,,2635,114,78289,2020-03-23T20:00:00Z
20200323,OH,442,140,,104,6,582,2020-03-23T20:00:00Z
20200323,OK,81,694,102,15,2,877,2020-03-23T20:00:00Z
20200323,OR,191,3649,,56,5,3840,2020-03-23T20:00:00Z
20200323,PA,644,6595,,,6,7239,2020-03-23T20:00:00Z
20200323,PR,31,189,35,,2,255,2020-03-23T20:00:00Z
20200323,RI,106,932,216,,,1254,2020-03-23T20:00:00Z
20200323,SC,299,1466,,,5,1765,2020-03-23T20:00:00Z
20200323,SD,28,762,265,,1,1055,2020-03-23T20:00:00Z
20200323,TN,615,3272,,,2,3887,2020-03-23T20:00:00Z
20200323,TX,352,9703,,,8,10055,2020-03-23T20:00:00Z
20200323,UT,257,4790,,,1,5047,2020-03-23T20:00:00Z
20200323,VA,254,3443,,38,6,3697,2020-03-23T20:00:00Z
20200323,VI,17,,,,0,17,2020-03-23T20:00:00Z
20200323,VT,75,1106,,,5,1181,2020-03-23T20:00:00Z
20200323,WA,1996,28879,,,95,30875,2020-03-23T20:00:00Z
20200323,WI,416,7050,,,5,7466,2020-03-23T20:00:00Z
20200323,WV,16,444,4,1,0,464,2020-03-23T20:00:00Z
20200323,WY,26,592,,,,618,2020-03-23T20:00:00Z
20200322,AK,22,946,,0,,968,2020-03-22T20:00:00Z
20200322,AL,138,1464,,,0,1602,2020-03-22T20:00:00Z
20200322,AR,165,711,119,13,0,995,2020-03-22T20:00:00Z
20200322,AS,,,,,0,0,2020-03-22T20:00:00Z
20200322,AZ,152,282,87,,2,521,2020-03-22T20:00:00Z
20200322,CA,1536,11304,,,27,12840,2020-03-22T20:00:00Z
20200322,CO,475,4075,,49,5,4550,2020-03-22T20:00:00Z
20200322,CT,223,2877,,43,5,3100,2020-03-22T20:00:00Z
20200322,DC,98,957,,,1,1055,2020-03-22T20:00:00Z
20200322,DE,56,36,,,0,92,2020-03-22T20:00:00Z
20200322,FL,830,7990,963,185,13,9783,2020-03-22T20:00:00Z
20200322,GA,600,3420,,,23,4020,2020-03-22T20:00:00Z
20200322,GU,27,126,,,1,153,2020-03-22T20:00:00Z
20200322,HI,48,263,,,,311,2020-03-22T20:00:00Z
20200322,IA,90,1215,,,,1305,2020-03-22T20:00:00Z
20200322,ID,42,1175,,,0,1217,2020-03-22T20:00:00Z
20200322,IL,1058,7271,,,9,8329,2020-03-22T20:00:00Z
20200322,IN,201,1293,,1,6,1494,2020-03-22T20:00:00Z
20200322,KS,64,417,,,2,481,2020-03-22T20:00:00Z
20200322,KY,99,1472,,,3,1571,2020-03-22T20:00:00Z
20200322,LA,837,2661,,,20,3498,2020-03-22T20:00:00Z
20200322,MA,646,5459,,71,5,6128,2020-03-22T20:00:00Z
20200322,MD,244,94,,,3,338,2020-03-22T20:00:00Z
20200322,ME,89,2264,,,,2353,2020-03-22T20:00:00Z
20200322,MI,1035,2069,,,8,3104,2020-03-22T20:00:00Z
20200322,MN,169,4511,,12,1,4680,2020-03-22T20:00:00Z
20200322,MO,90,369,,,3,459,2020-03-22T20:00:00Z
20200322,MP,0,,,,0,0,2020-03-22T20:00:00Z
20200322,MS,207,1114,,33,1,1321,2020-03-22T20:00:00Z
20200322,MT,31,1146,,,,1177,2020-03-22T20:00:00Z
20200322,NC,255,6183,,,0,6438,2020-03-22T20:00:00Z
20200322,ND,28,1260,,3,0,1288,2020-03-22T20:00:00Z
20200322,NE,48,356,,,0,404,2020-03-22T20:00:00Z
20200322,NH,65,1188,959,,,2212,2020-03-22T20:00:00Z
20200322,NJ,1914,327,49,,20,2290,2020-03-22T20:00:00Z
20200322,NM,57,4722,,,,4779,2020-03-22T20:00:00Z
20200322,NV,190,2448,,,2,2638,2020-03-22T20:00:00Z
20200322,NY,15168,46233,,1974,114,61401,2020-03-22T20:00:00Z
20200322,OH,351,140,,83,3,491,2020-03-22T20:00:00Z
20200322,OK,67,669,102,11,2,838,2020-03-22T20:00:00Z
20200322,OR,161,2864,,43,4,3025,2020-03-22T20:00:00Z
20200322,PA,479,4964,,,2,5443,2020-03-22T20:00:00Z
20200322,PR,23,183,69,,,275,2020-03-22T20:00:00Z
20200322,RI,83,932,216,,,1231,2020-03-22T20:00:00Z
20200322,SC,195,1466,,,3,1661,2020-03-22T20:00:00Z
20200322,SD,21,740,277,,1,1038,2020-03-22T20:00:00Z
20200322,TN,505,3272,,,,3777,2020-03-22T20:00:00Z
20200322,TX,334,8422,,,5,8756,2020-03-22T20:00:00Z
20200322,UT,181,3508,,,1,3689,2020-03-22T20:00:00Z
20200322,VA,219,3118,,32,3,3337,2020-03-22T20:00:00Z
20200322,VI,6,,,,0,6,2020-03-22T20:00:00Z
20200322,VT,52,1106,,,2,1158,2020-03-22T20:00:00Z
20200322,WA,1793,25328,,,94,27121,2020-03-22T20:00:00Z
20200322,WI,385,6230,,,4,6615,2020-03-22T20:00:00Z
20200322,WV,12,385,1,1,0,398,2020-03-22T20:00:00Z
20200322,WY,24,438,,,,462,2020-03-22T20:00:00Z
20200321,AK,14,758,,0,,772,2020-03-21T20:00:00Z
20200321,AL,124,28,,,0,152,2020-03-21T20:00:00Z
20200321,AR,118,567,154,,,839,2020-03-21T20:00:00Z
20200321,AS,,,,,0,0,2020-03-21T20:00:00Z
20200321,AZ,104,240,122,,1,466,2020-03-21T20:00:00Z
20200321,CA,1279,11249,,,24,12528,2020-03-21T20:00:00Z
20200321,CO,363,3317,,44,4,3680,2020-03-21T20:00:00Z
20200321,CT,194,2106,,,4,2300,2020-03-21T20:00:00Z
20200321,DC,77,506,0,,1,583,2020-03-21T20:00:00Z
20200321,DE,45,36,,,0,81,2020-03-21T20:00:00Z
20200321,FL,658,6579,1002,158,12,8239,2020-03-21T20:00:00Z
20200321,GA,507,2557,,,14,3064,2020-03-21T20:00:00Z
20200321,GU,15,108,,,,123,2020-03-21T20:00:00Z
20200321,HI,37,124,9,,,170,2020-03-21T20:00:00Z
20200321,IA,68,1049,,,,1117,2020-03-21T20:00:00Z
20200321,ID,31,880,,,,911,2020-03-21T20:00:00Z
20200321,IL,759,5488,,,6,6247,2020-03-21T20:00:00Z
20200321,IN,126,707,,1,4,833,2020-03-21T20:00:00Z
20200321,KS,55,417,,,2,472,2020-03-21T20:00:00Z
20200321,KY,54,714,,,2,768,2020-03-21T20:00:00Z
20200321,LA,585,2180,,,16,2765,2020-03-21T20:00:00Z
20200321,MA,525,4752,,61,1,5277,2020-03-21T20:00:00Z
20200321,MD,190,94,,,2,284,2020-03-21T20:00:00Z
20200321,ME,73,2264,,,,2337,2020-03-21T20:00:00Z
20200321,MI,787,2069,,,5,2856,2020-03-21T20:00:00Z
20200321,MN,138,3952,,,1,4090,2020-03-21T20:00:00Z
20200321,MO,73,369,,,3,442,2020-03-21T20:00:00Z
20200321,MP,0,,,,0,0,2020-03-21T20:00:00Z
20200321,MS,140,695,,,1,835,2020-03-21T20:00:00Z
20200321,MT,20,1146,,,,1166,2020-03-21T20:00:00Z
20200321,NC,184,5092,,,0,5276,2020-03-21T20:00:00Z
20200321,ND,28,1141,,3,0,1169,2020-03-21T20:00:00Z
20200321,NE,38,356,,,0,394,2020-03-21T20:00:00Z
20200321,NH,55,973,942,,,1970,2020-03-21T20:00:00Z
20200321,NJ,1327,294,40,,16,1661,2020-03-21T20:00:00Z
20200321,NM,57,3771,,,,3828,2020-03-21T20:00:00Z
20200321,NV,124,2384,,,2,2508,2020-03-21T20:00:00Z
20200321,NY,10356,35081,,1603,44,45437,2020-03-21T20:00:00Z
20200321,OH,247,140,,58,3,387,2020-03-21T20:00:00Z
20200321,OK,53,560,144,10,1,757,2020-03-21T20:00:00Z
20200321,OR,114,2003,433,,3,2550,2020-03-21T20:00:00Z
20200321,PA,371,3766,,,2,4137,2020-03-21T20:00:00Z
20200321,PR,21,143,71,,,235,2020-03-21T20:00:00Z
20200321,RI,66,862,290,,,1218,2020-03-21T20:00:00Z
20200321,SC,152,1255,,,1,1407,2020-03-21T20:00:00Z
20200321,SD,14,691,268,,1,973,2020-03-21T20:00:00Z
20200321,TN,371,3272,,,,3643,2020-03-21T20:00:00Z
20200321,TX,304,6218,,,5,6522,2020-03-21T20:00:00Z
20200321,UT,136,2424,,,0,2560,2020-03-21T20:00:00Z
20200321,VA,152,2638,,25,2,2790,2020-03-21T20:00:00Z
20200321,VI,6,,,,0,6,2020-03-21T20:00:00Z
20200321,VT,29,779,,,2,808,2020-03-21T20:00:00Z
20200321,WA,1524,21719,,,83,23243,2020-03-21T20:00:00Z
20200321,WI,281,4628,,,4,4909,2020-03-21T20:00:00Z
20200321,WV,11,330,2,1,0,343,2020-03-21T20:00:00Z
20200321,WY,23,438,,,,461,2020-03-21T20:00:00Z
20200320,AK,12,686,,,,698,2020-03-20T20:00:00Z
20200320,AL,81,28,,,0,109,2020-03-20T20:00:00Z
20200320,AR,96,351,203,,,650,2020-03-20T20:00:00Z
20200320,AS,0,,,,0,0,2020-03-20T20:00:00Z
20200320,AZ,65,211,101,,0,377,2020-03-20T20:00:00Z
20200320,CA,1063,10424,,,20,11487,2020-03-20T20:00:00Z
20200320,CO,277,2675,,,3,2952,2020-03-20T20:00:00Z
20200320,CT,194,604,,,3,798,2020-03-20T20:00:00Z
20200320,DC,71,501,1,,1,573,2020-03-20T20:00:00Z
20200320,DE,38,36,,,0,74,2020-03-20T20:00:00Z
20200320,FL,520,1870,1026,,10,3416,2020-03-20T20:00:00Z
20200320,GA,420,1966,,,13,2386,2020-03-20T20:00:00Z
20200320,GU,14,86,,,,100,2020-03-20T20:00:00Z
20200320,HI,26,124,9,,,159,2020-03-20T20:00:00Z
20200320,IA,45,642,,,,687,2020-03-20T20:00:00Z
20200320,ID,23,590,,,,613,2020-03-20T20:00:00Z
20200320,IL,590,3696,,,5,4286,2020-03-20T20:00:00Z
20200320,IN,79,475,,,2,554,2020-03-20T20:00:00Z
20200320,KS,44,417,,,1,461,2020-03-20T20:00:00Z
20200320,KY,47,592,,,1,639,2020-03-20T20:00:00Z
20200320,LA,479,568,,,12,1047,2020-03-20T20:00:00Z
20200320,MA,413,3678,,,1,4091,2020-03-20T20:00:00Z
20200320,MD,149,94,,,1,243,2020-03-20T20:00:00Z
20200320,ME,57,2264,,,,2321,2020-03-20T20:00:00Z
20200320,MI,549,2069,,,3,2618,2020-03-20T20:00:00Z
20200320,MN,115,3741,,,,3856,2020-03-20T20:00:00Z
20200320,MO,47,369,,,1,416,2020-03-20T20:00:00Z
20200320,MP,0,,,,0,0,2020-03-20T20:00:00Z
20200320,MS,80,695,,,1,775,2020-03-20T20:00:00Z
20200320,MT,16,931,,,,947,2020-03-20T20:00:00Z
20200320,NC,137,3096,,,0,3233,2020-03-20T20:00:00Z
20200320,ND,20,800,,,0,820,2020-03-20T20:00:00Z
20200320,NE,32,240,,,0,272,2020-03-20T20:00:00Z
20200320,NH,44,745,631,,,1420,2020-03-20T20:00:00Z
20200320,NJ,890,264,86,,11,1240,2020-03-20T20:00:00Z
20200320,NM,43,3771,,,,3814,2020-03-20T20:00:00Z
20200320,NV,109,1992,-3,,1,2098,2020-03-20T20:00:00Z
20200320,NY,7102,25325,,,35,32427,2020-03-20T20:00:00Z
20200320,OH,169,140,,,1,309,2020-03-20T20:00:00Z
20200320,OK,49,538,374,,1,961,2020-03-20T20:00:00Z
20200320,OR,114,2003,433,,3,2550,2020-03-20T20:00:00Z
20200320,PA,268,2574,,,1,2842,2020-03-20T20:00:00Z
20200320,PR,14,114,52,,,180,2020-03-20T20:00:00Z
20200320,RI,54,654,140,,,848,2020-03-20T20:00:00Z
20200320,SC,81,833,,,1,914,2020-03-20T20:00:00Z
20200320,SD,14,663,270,,1,947,2020-03-20T20:00:00Z
20200320,TN,228,563,,,,791,2020-03-20T20:00:00Z
20200320,TX,194,5083,,,5,5277,2020-03-20T20:00:00Z
20200320,UT,112,2035,,,0,2147,2020-03-20T20:00:00Z
20200320,VA,114,2211,,,2,2325,2020-03-20T20:00:00Z
20200320,VI,3,,,,0,3,2020-03-20T20:00:00Z
20200320,VT,29,779,,,2,808,2020-03-20T20:00:00Z
20200320,WA,1376,19336,,,74,20712,2020-03-20T20:00:00Z
20200320,WI,206,3455,,,3,3661,2020-03-20T20:00:00Z
20200320,WV,7,219,13,,0,239,2020-03-20T20:00:00Z
20200320,WY,19,331,,,,350,2020-03-20T20:00:00Z
20200319,AK,6,400,,,,406,2020-03-19T20:00:00Z
20200319,AL,68,28,,,0,96,2020-03-19T20:00:00Z
20200319,AR,46,310,113,,,469,2020-03-19T20:00:00Z
20200319,AS,0,,,,0,0,2020-03-19T20:00:00Z
20200319,AZ,44,175,130,,0,349,2020-03-19T20:00:00Z
20200319,CA,924,8787,,,18,9711,2020-03-19T20:00:00Z
20200319,CO,216,2112,,,2,2328,2020-03-19T20:00:00Z
20200319,CT,96,604,,,1,700,2020-03-19T20:00:00Z
20200319,DC,39,153,11,,0,203,2020-03-19T20:00:00Z
20200319,DE,30,36,,,0,66,2020-03-19T20:00:00Z
20200319,FL,390,1533,1019,,8,2942,2020-03-19T20:00:00Z
20200319,GA,287,1544,,,10,1831,2020-03-19T20:00:00Z
20200319,GU,12,69,,,,81,2020-03-19T20:00:00Z
20200319,HI,16,93,9,,,118,2020-03-19T20:00:00Z
20200319,IA,38,83,,,,121,2020-03-19T20:00:00Z
20200319,ID,11,457,,,,468,2020-03-19T20:00:00Z
20200319,IL,426,2725,,,4,3151,2020-03-19T20:00:00Z
20200319,IN,56,324,,,2,380,2020-03-19T20:00:00Z
20200319,KS,34,417,,,1,451,2020-03-19T20:00:00Z
20200319,KY,35,454,,,1,489,2020-03-19T20:00:00Z
20200319,LA,347,458,,,8,805,2020-03-19T20:00:00Z
20200319,MA,328,2804,,,,3132,2020-03-19T20:00:00Z
20200319,MD,107,94,,,1,201,2020-03-19T20:00:00Z
20200319,ME,53,2004,,,,2057,2020-03-19T20:00:00Z
20200319,MI,336,2113,,,3,2449,2020-03-19T20:00:00Z
20200319,MN,89,2949,,,,3038,2020-03-19T20:00:00Z
20200319,MO,24,308,,,1,332,2020-03-19T20:00:00Z
20200319,MP,0,,,,0,0,2020-03-19T20:00:00Z
20200319,MS,50,552,,,,602,2020-03-19T20:00:00Z
20200319,MT,12,761,0,,,773,2020-03-19T20:00:00Z
20200319,NC,97,2408,,,0,2505,2020-03-19T20:00:00Z
20200319,ND,15,493,,,0,508,2020-03-19T20:00:00Z
20200319,NE,27,240,,,0,267,2020-03-19T20:00:00Z
20200319,NH,39,621,231,,,891,2020-03-19T20:00:00Z
20200319,NJ,742,210,74,,9,1026,2020-03-19T20:00:00Z
20200319,NM,35,2762,,,,2797,2020-03-19T20:00:00Z
20200319,NV,95,1626,,,1,1721,2020-03-19T20:00:00Z
20200319,NY,4152,18132,,,12,22284,2020-03-19T20:00:00Z
20200319,OH,119,140,,,,259,2020-03-19T20:00:00Z
20200319,OK,44,466,250,,1,760,2020-03-19T20:00:00Z
20200319,OR,88,1329,437,,3,1854,2020-03-19T20:00:00Z
20200319,PA,185,1608,,,1,1793,2020-03-19T20:00:00Z
20200319,PR,5,56,29,,,90,2020-03-19T20:00:00Z
20200319,RI,33,540,334,,,907,2020-03-19T20:00:00Z
20200319,SC,60,583,,,1,643,2020-03-19T20:00:00Z
20200319,SD,11,551,385,,1,947,2020-03-19T20:00:00Z
20200319,TN,154,349,,,,503,2020-03-19T20:00:00Z
20200319,TX,143,2212,,,3,2355,2020-03-19T20:00:00Z
20200319,UT,78,1448,,,0,1526,2020-03-19T20:00:00Z
20200319,VA,94,1829,,,2,1923,2020-03-19T20:00:00Z
20200319,VI,3,,,,0,3,2020-03-19T20:00:00Z
20200319,VT,22,645,,,,667,2020-03-19T20:00:00Z
20200319,WA,1187,15918,,,66,17105,2020-03-19T20:00:00Z
20200319,WI,155,2192,,,,2347,2020-03-19T20:00:00Z
20200319,WV,2,143,3,,0,148,2020-03-19T20:00:00Z
20200319,WY,18,271,,,,289,2020-03-19T20:00:00Z
20200318,AK,6,406,,,,412,2020-03-18T20:00:00Z
20200318,AL,46,28,,,0,74,2020-03-18T20:00:00Z
20200318,AR,33,236,50,,,319,2020-03-18T20:00:00Z
20200318,AZ,28,148,102,,0,278,2020-03-18T20:00:00Z
20200318,CA,611,7981,,,13,8592,2020-03-18T20:00:00Z
20200318,CO,183,1617,,,2,1800,2020-03-18T20:00:00Z
20200318,CT,68,125,,,,193,2020-03-18T20:00:00Z
20200318,DC,31,138,1,,,170,2020-03-18T20:00:00Z
20200318,DE,25,36,,,,61,2020-03-18T20:00:00Z
20200318,FL,314,1225,954,,7,2493,2020-03-18T20:00:00Z
20200318,GA,197,1311,,,1,1508,2020-03-18T20:00:00Z
20200318,HI,14,93,12,,,119,2020-03-18T20:00:00Z
20200318,IA,29,83,,,,112,2020-03-18T20:00:00Z
20200318,ID,9,459,,,,468,2020-03-18T20:00:00Z
20200318,IL,289,1763,,,1,2052,2020-03-18T20:00:00Z
20200318,IN,39,154,,,2,193,2020-03-18T20:00:00Z
20200318,KS,16,417,,,1,433,2020-03-18T20:00:00Z
20200318,KY,26,354,,,1,380,2020-03-18T20:00:00Z
20200318,LA,240,335,,,6,575,2020-03-18T20:00:00Z
20200318,MA,256,2015,,,,2271,2020-03-18T20:00:00Z
20200318,MD,85,94,,,,179,2020-03-18T20:00:00Z
20200318,ME,43,1670,,,,1713,2020-03-18T20:00:00Z
20200318,MI,80,272,,,,352,2020-03-18T20:00:00Z
20200318,MN,77,2685,,,,2762,2020-03-18T20:00:00Z
20200318,MO,13,253,,,0,266,2020-03-18T20:00:00Z
20200318,MS,34,479,,,,513,2020-03-18T20:00:00Z
20200318,MT,10,499,0,,,509,2020-03-18T20:00:00Z
20200318,NC,63,1787,,,0,1850,2020-03-18T20:00:00Z
20200318,ND,6,268,,,0,274,2020-03-18T20:00:00Z
20200318,NE,24,206,,,,230,2020-03-18T20:00:00Z
20200318,NH,26,513,208,,,747,2020-03-18T20:00:00Z
20200318,NJ,427,190,21,,5,638,2020-03-18T20:00:00Z
20200318,NM,28,2326,,,,2354,2020-03-18T20:00:00Z
20200318,NV,55,168,,,1,223,2020-03-18T20:00:00Z
20200318,NY,2382,12215,,,12,14597,2020-03-18T20:00:00Z
20200318,OH,88,140,,,,228,2020-03-18T20:00:00Z
20200318,OK,29,378,110,,,517,2020-03-18T20:00:00Z
20200318,OR,75,1118,361,,3,1554,2020-03-18T20:00:00Z
20200318,PA,133,1187,,,,1320,2020-03-18T20:00:00Z
20200318,RI,33,540,334,,,907,2020-03-18T20:00:00Z
20200318,SC,60,583,,,1,643,2020-03-18T20:00:00Z
20200318,SD,11,551,350,,1,913,2020-03-18T20:00:00Z
20200318,TN,98,349,,,,447,2020-03-18T20:00:00Z
20200318,TX,83,1824,,,2,1907,2020-03-18T20:00:00Z
20200318,UT,63,131,,,0,194,2020-03-18T20:00:00Z
20200318,VA,77,1201,,,1,1278,2020-03-18T20:00:00Z
20200318,VT,19,592,,,,611,2020-03-18T20:00:00Z
20200318,WA,1012,13117,,,52,14129,2020-03-18T20:00:00Z
20200318,WI,106,1577,,,,1683,2020-03-18T20:00:00Z
20200318,WV,1,122,14,,0,137,2020-03-18T20:00:00Z
20200318,WY,15,178,,,,193,2020-03-18T20:00:00Z
20200318,PR,5,31,21,,,57,2020-03-18T20:00:00Z
20200318,VI,2,,,,0,2,2020-03-18T20:00:00Z
20200318,GU,8,57,,,,65,2020-03-18T20:00:00Z
20200318,MP,0,,,,0,0,2020-03-18T20:00:00Z
20200318,AS,0,,,,0,0,2020-03-18T20:00:00Z
20200317,AK,3,334,,,,337,2020-03-17T20:00:00Z
20200317,AL,36,28,,,0,64,2020-03-17T20:00:00Z
20200317,AR,22,197,41,,,260,2020-03-17T20:00:00Z
20200317,AZ,20,142,66,,0,228,2020-03-17T20:00:00Z
20200317,CA,483,7981,,,11,8407,2020-03-17T20:00:00Z
20200317,CO,160,1056,,,1,1216,2020-03-17T20:00:00Z
20200317,CT,41,125,,,,166,2020-03-17T20:00:00Z
20200317,DC,22,104,0,,,126,2020-03-17T20:00:00Z
20200317,DE,16,36,,,,52,2020-03-17T20:00:00Z
20200317,FL,186,940,872,,6,1998,2020-03-17T20:00:00Z
20200317,GA,146,,,,1,146,2020-03-17T20:00:00Z
20200317,HI,10,,,,,10,2020-03-17T20:00:00Z
20200317,IA,23,83,,,,106,2020-03-17T20:00:00Z
20200317,ID,7,346,,,,353,2020-03-17T20:00:00Z
20200317,IL,160,1340,,,1,1500,2020-03-17T20:00:00Z
20200317,IN,30,129,,,2,159,2020-03-17T20:00:00Z
20200317,KS,15,382,,,1,397,2020-03-17T20:00:00Z
20200317,KY,22,295,,,1,317,2020-03-17T20:00:00Z
20200317,LA,171,286,,,4,457,2020-03-17T20:00:00Z
20200317,MA,218,1541,,,,1759,2020-03-17T20:00:00Z
20200317,MD,57,94,,,,151,2020-03-17T20:00:00Z
20200317,ME,32,1303,,,,1335,2020-03-17T20:00:00Z
20200317,MI,65,272,,,,337,2020-03-17T20:00:00Z
20200317,MN,60,2276,,,,2336,2020-03-17T20:00:00Z
20200317,MO,8,207,,,0,215,2020-03-17T20:00:00Z
20200317,MS,21,368,,,,389,2020-03-17T20:00:00Z
20200317,MT,8,303,0,,,311,2020-03-17T20:00:00Z
20200317,NC,40,474,,,0,514,2020-03-17T20:00:00Z
20200317,ND,3,220,0,,0,223,2020-03-17T20:00:00Z
20200317,NE,21,206,,,,227,2020-03-17T20:00:00Z
20200317,NH,17,355,195,,,567,2020-03-17T20:00:00Z
20200317,NJ,267,163,55,,3,485,2020-03-17T20:00:00Z
20200317,NM,23,1249,,,,1272,2020-03-17T20:00:00Z
20200317,NV,55,168,,,1,223,2020-03-17T20:00:00Z
20200317,NY,1700,5506,,,7,7206,2020-03-17T20:00:00Z
20200317,OH,67,140,,,,207,2020-03-17T20:00:00Z
20200317,OK,17,247,82,,,346,2020-03-17T20:00:00Z
20200317,OR,47,689,184,,,920,2020-03-17T20:00:00Z
20200317,PA,96,879,,,,975,2020-03-17T20:00:00Z
20200317,RI,21,308,149,,,478,2020-03-17T20:00:00Z
20200317,SC,33,311,,,1,344,2020-03-17T20:00:00Z
20200317,SD,11,551,35,,,597,2020-03-17T20:00:00Z
20200317,TN,73,330,,,,403,2020-03-17T20:00:00Z
20200317,TX,64,1204,,,1,1268,2020-03-17T20:00:00Z
20200317,UT,51,131,,,0,182,2020-03-17T20:00:00Z
20200317,VA,67,961,,,1,1028,2020-03-17T20:00:00Z
20200317,VT,10,495,,,,505,2020-03-17T20:00:00Z
20200317,WA,904,11582,,,48,12486,2020-03-17T20:00:00Z
20200317,WI,72,1038,,,,1110,2020-03-17T20:00:00Z
20200317,WV,0,80,4,,0,84,2020-03-17T20:00:00Z
20200317,WY,10,95,,,,105,2020-03-17T20:00:00Z
20200317,PR,5,13,4,,,22,2020-03-17T20:00:00Z
20200317,VI,2,,,,,2,2020-03-17T20:00:00Z
20200317,GU,5,41,,,,46,2020-03-17T20:00:00Z
20200317,MP,0,,,,,0,2020-03-17T20:00:00Z
20200317,AS,0,,,,,0,2020-03-17T20:00:00Z
20200316,AK,1,143,,,,144,2020-03-16T20:00:00Z
20200316,AL,28,28,40,,0,96,2020-03-16T20:00:00Z
20200316,AR,22,132,14,,,168,2020-03-16T20:00:00Z
20200316,AZ,18,125,63,,0,206,2020-03-16T20:00:00Z
20200316,CA,335,7981,,,6,8316,2020-03-16T20:00:00Z
20200316,CO,131,627,,,1,758,2020-03-16T20:00:00Z
20200316,CT,26,125,,,,151,2020-03-16T20:00:00Z
20200316,DC,17,96,7,,,120,2020-03-16T20:00:00Z
20200316,DE,8,36,32,,,76,2020-03-16T20:00:00Z
20200316,FL,141,684,514,,4,1339,2020-03-16T20:00:00Z
20200316,GA,121,,,,1,121,2020-03-16T20:00:00Z
20200316,HI,7,,,,,7,2020-03-16T20:00:00Z
20200316,IA,22,83,,,,105,2020-03-16T20:00:00Z
20200316,ID,5,265,,,,270,2020-03-16T20:00:00Z
20200316,IL,93,932,,,,1025,2020-03-16T20:00:00Z
20200316,IN,24,115,,,1,139,2020-03-16T20:00:00Z
20200316,KS,11,166,,,1,177,2020-03-16T20:00:00Z
20200316,KY,21,234,,,1,255,2020-03-16T20:00:00Z
20200316,LA,114,188,,,2,302,2020-03-16T20:00:00Z
20200316,MA,164,352,,,,516,2020-03-16T20:00:00Z
20200316,MD,37,94,,,,131,2020-03-16T20:00:00Z
20200316,ME,17,764,,,,781,2020-03-16T20:00:00Z
20200316,MI,53,272,30,,,355,2020-03-16T20:00:00Z
20200316,MN,54,1839,,,,1893,2020-03-16T20:00:00Z
20200316,MO,6,164,,,0,170,2020-03-16T20:00:00Z
20200316,MS,12,277,,,,289,2020-03-16T20:00:00Z
20200316,MT,7,198,0,,,205,2020-03-16T20:00:00Z
20200316,NC,33,296,151,,0,480,2020-03-16T20:00:00Z
20200316,ND,1,123,0,,0,124,2020-03-16T20:00:00Z
20200316,NE,18,170,,,,188,2020-03-16T20:00:00Z
20200316,NH,13,271,95,,,379,2020-03-16T20:00:00Z
20200316,NJ,178,120,20,,2,218,2020-03-16T20:00:00Z
20200316,NM,17,566,,,,583,2020-03-16T20:00:00Z
20200316,NV,45,168,,,1,213,2020-03-16T20:00:00Z
20200316,NY,950,4543,,,7,5493,2020-03-16T20:00:00Z
20200316,OH,50,140,361,,,551,2020-03-16T20:00:00Z
20200316,OK,10,174,29,,,213,2020-03-16T20:00:00Z
20200316,OR,39,579,182,,,800,2020-03-16T20:00:00Z
20200316,PA,76,670,,,,746,2020-03-16T20:00:00Z
20200316,RI,21,308,149,,,478,2020-03-16T20:00:00Z
20200316,SC,28,235,,,1,263,2020-03-16T20:00:00Z
20200316,SD,10,494,0,,,504,2020-03-16T20:00:00Z
20200316,TN,52,270,,,,322,2020-03-16T20:00:00Z
20200316,TX,57,,,,,57,2020-03-16T20:00:00Z
20200316,UT,39,131,,,0,170,2020-03-16T20:00:00Z
20200316,VA,51,438,,,1,489,2020-03-16T20:00:00Z
20200316,VT,8,421,,,,429,2020-03-16T20:00:00Z
20200316,WA,769,9451,,,42,10220,2020-03-16T20:00:00Z
20200316,WI,47,504,,,,551,2020-03-16T20:00:00Z
20200316,WV,0,80,4,,0,84,2020-03-16T20:00:00Z
20200316,WY,3,,,,,3,2020-03-16T20:00:00Z
20200316,PR,5,9,,,,14,2020-03-16T20:00:00Z
20200316,VI,1,,,,,1,2020-03-16T20:00:00Z
20200316,GU,3,23,,,,26,2020-03-16T20:00:00Z
20200316,MP,0,,,,,0,2020-03-16T20:00:00Z
20200316,AS,0,,,,,0,2020-03-16T20:00:00Z
20200315,AK,1,143,,,,144,2020-03-15T20:00:00Z
20200315,AL,12,28,46,,0,86,2020-03-15T20:00:00Z
20200315,AR,16,103,30,,,149,2020-03-15T20:00:00Z
20200315,AZ,12,121,50,,0,183,2020-03-15T20:00:00Z
20200315,CA,293,916,,,5,1209,2020-03-15T20:00:00Z
20200315,CO,131,627,,,1,758,2020-03-15T20:00:00Z
20200315,CT,20,125,,,,145,2020-03-15T20:00:00Z
20200315,DC,16,79,20,,,115,2020-03-15T20:00:00Z
20200315,DE,6,36,32,,,74,2020-03-15T20:00:00Z
20200315,FL,116,678,454,,4,1248,2020-03-15T20:00:00Z
20200315,GA,99,,,,1,99,2020-03-15T20:00:00Z
20200315,HI,2,,,,,2,2020-03-15T20:00:00Z
20200315,IA,18,83,,,,101,2020-03-15T20:00:00Z
20200315,ID,5,171,,,,176,2020-03-15T20:00:00Z
20200315,IL,64,449,195,,,708,2020-03-15T20:00:00Z
20200315,IN,19,102,,,0,121,2020-03-15T20:00:00Z
20200315,KS,8,135,,,1,143,2020-03-15T20:00:00Z
20200315,KY,16,139,,,,155,2020-03-15T20:00:00Z
20200315,LA,91,156,,,2,247,2020-03-15T20:00:00Z
20200315,MA,138,352,,,,490,2020-03-15T20:00:00Z
20200315,MD,31,94,,,,125,2020-03-15T20:00:00Z
20200315,ME,3,91,17,,,111,2020-03-15T20:00:00Z
20200315,MI,33,205,26,,,264,2020-03-15T20:00:00Z
20200315,MN,35,1387,,,,1422,2020-03-15T20:00:00Z
20200315,MO,5,122,,,0,127,2020-03-15T20:00:00Z
20200315,MS,10,84,,,,94,2020-03-15T20:00:00Z
20200315,MT,7,103,57,,,167,2020-03-15T20:00:00Z
20200315,NC,32,227,151,,,410,2020-03-15T20:00:00Z
20200315,ND,1,95,4,,0,100,2020-03-15T20:00:00Z
20200315,NE,17,80,33,,,130,2020-03-15T20:00:00Z
20200315,NH,13,271,95,,,379,2020-03-15T20:00:00Z
20200315,NJ,98,120,34,,2,252,2020-03-15T20:00:00Z
20200315,NM,13,482,,,,495,2020-03-15T20:00:00Z
20200315,NV,21,168,164,,,353,2020-03-15T20:00:00Z
20200315,NY,729,4543,,,3,5272,2020-03-15T20:00:00Z
20200315,OH,36,139,350,,,525,2020-03-15T20:00:00Z
20200315,OK,9,118,12,,,139,2020-03-15T20:00:00Z
20200315,OR,36,420,225,,,681,2020-03-15T20:00:00Z
20200315,PA,63,205,183,,,451,2020-03-15T20:00:00Z
20200315,RI,20,198,57,,,275,2020-03-15T20:00:00Z
20200315,SC,19,154,,,,173,2020-03-15T20:00:00Z
20200315,SD,9,327,6,,,342,2020-03-15T20:00:00Z
20200315,TN,39,157,,,,196,2020-03-15T20:00:00Z
20200315,TX,56,,,,,56,2020-03-15T20:00:00Z
20200315,UT,28,131,,,0,159,2020-03-15T20:00:00Z
20200315,VA,45,363,,,1,408,2020-03-15T20:00:00Z
20200315,VT,4,348,,,,352,2020-03-15T20:00:00Z
20200315,WA,642,7122,,,40,7764,2020-03-15T20:00:00Z
20200315,WI,33,313,,,,346,2020-03-15T20:00:00Z
20200315,WV,0,38,1,,0,39,2020-03-15T20:00:00Z
20200315,WY,3,,,,,3,2020-03-15T20:00:00Z
20200314,AK,1,143,,,,144,2020-03-14T20:00:00Z
20200314,AL,6,22,46,,,74,2020-03-14T20:00:00Z
20200314,AR,12,65,26,,,103,2020-03-14T20:00:00Z
20200314,AZ,12,121,50,,0,183,2020-03-14T20:00:00Z
20200314,CA,252,916,,,5,1168,2020-03-14T20:00:00Z
20200314,CO,101,610,,,1,711,2020-03-14T20:00:00Z
20200314,CT,11,125,,,,136,2020-03-14T20:00:00Z
20200314,DC,10,49,10,,,69,2020-03-14T20:00:00Z
20200314,DE,6,36,32,,,74,2020-03-14T20:00:00Z
20200314,FL,77,478,221,,3,776,2020-03-14T20:00:00Z
20200314,GA,66,,,,1,66,2020-03-14T20:00:00Z
20200314,HI,2,,,,,2,2020-03-14T20:00:00Z
20200314,IA,17,83,,,,100,2020-03-14T20:00:00Z
20200314,ID,2,174,,,,176,2020-03-14T20:00:00Z
20200314,IL,46,316,82,,,444,2020-03-14T20:00:00Z
20200314,IN,15,74,,,0,89,2020-03-14T20:00:00Z
20200314,KS,6,93,,,1,100,2020-03-14T20:00:00Z
20200314,KY,14,139,,,,153,2020-03-14T20:00:00Z
20200314,LA,69,109,,,,178,2020-03-14T20:00:00Z
20200314,MA,138,352,,,,490,2020-03-14T20:00:00Z
20200314,MD,26,94,,,,120,2020-03-14T20:00:00Z
20200314,ME,3,91,17,,,111,2020-03-14T20:00:00Z
20200314,MI,25,205,26,,,256,2020-03-14T20:00:00Z
20200314,MN,21,847,,,,868,2020-03-14T20:00:00Z
20200314,MO,4,90,,,0,94,2020-03-14T20:00:00Z
20200314,MS,6,84,,,,90,2020-03-14T20:00:00Z
20200314,MT,5,103,,,,108,2020-03-14T20:00:00Z
20200314,NC,23,137,,,,160,2020-03-14T20:00:00Z
20200314,ND,1,54,14,,0,69,2020-03-14T20:00:00Z
20200314,NE,14,80,33,,,127,2020-03-14T20:00:00Z
20200314,NH,7,212,31,,,250,2020-03-14T20:00:00Z
20200314,NJ,50,97,80,,1,227,2020-03-14T20:00:00Z
20200314,NM,10,237,,,,247,2020-03-14T20:00:00Z
20200314,NV,20,168,,,,188,2020-03-14T20:00:00Z
20200314,NY,524,2779,,,,3303,2020-03-14T20:00:00Z
20200314,OH,13,50,159,,,222,2020-03-14T20:00:00Z
20200314,OK,4,36,37,,,77,2020-03-14T20:00:00Z
20200314,OR,30,337,157,,,524,2020-03-14T20:00:00Z
20200314,PA,47,205,150,,,402,2020-03-14T20:00:00Z
20200314,RI,20,198,57,,,275,2020-03-14T20:00:00Z
20200314,SC,13,110,,,,123,2020-03-14T20:00:00Z
20200314,SD,9,182,3,,,194,2020-03-14T20:00:00Z
20200314,TN,32,130,,,,162,2020-03-14T20:00:00Z
20200314,TX,51,,,,,51,2020-03-14T20:00:00Z
20200314,UT,6,131,,,,137,2020-03-14T20:00:00Z
20200314,VA,30,117,,,,147,2020-03-14T20:00:00Z
20200314,VT,4,227,,,,231,2020-03-14T20:00:00Z
20200314,WA,568,6001,,,37,6569,2020-03-14T20:00:00Z
20200314,WI,19,169,,,,188,2020-03-14T20:00:00Z
20200314,WV,0,26,5,,,31,2020-03-14T20:00:00Z
20200314,WY,2,,,,,2,2020-03-14T20:00:00Z
20200313,AK,1,59,,,,60,2020-03-13T20:00:00Z
20200313,AL,1,11,,,,12,2020-03-13T20:00:00Z
20200313,AR,9,30,22,,,61,2020-03-13T20:00:00Z
20200313,AZ,9,94,40,,0,143,2020-03-13T20:00:00Z
20200313,CA,202,916,,,4,1118,2020-03-13T20:00:00Z
20200313,CO,72,524,,,,596,2020-03-13T20:00:00Z
20200313,CT,6,99,,,,105,2020-03-13T20:00:00Z
20200313,DC,10,20,,,,30,2020-03-13T20:00:00Z
20200313,DE,4,30,10,,,44,2020-03-13T20:00:00Z
20200313,FL,50,478,221,,2,749,2020-03-13T20:00:00Z
20200313,GA,42,,,,1,42,2020-03-13T20:00:00Z
20200313,HI,2,,,,,2,2020-03-13T20:00:00Z
20200313,IA,16,83,29,,,128,2020-03-13T20:00:00Z
20200313,ID,0,131,,,,131,2020-03-13T20:00:00Z
20200313,IL,32,294,92,,,418,2020-03-13T20:00:00Z
20200313,IN,12,61,,,,73,2020-03-13T20:00:00Z
20200313,KS,6,93,,,,99,2020-03-13T20:00:00Z
20200313,KY,11,107,,,,118,2020-03-13T20:00:00Z
20200313,LA,36,37,,,,73,2020-03-13T20:00:00Z
20200313,MA,123,92,,,,215,2020-03-13T20:00:00Z
20200313,MD,17,94,,,,111,2020-03-13T20:00:00Z
20200313,ME,3,91,17,,,111,2020-03-13T20:00:00Z
20200313,MI,16,133,26,,,175,2020-03-13T20:00:00Z
20200313,MN,14,541,,,,555,2020-03-13T20:00:00Z
20200313,MO,2,71,,,,73,2020-03-13T20:00:00Z
20200313,MS,4,41,,,,45,2020-03-13T20:00:00Z
20200313,MT,1,55,,,,56,2020-03-13T20:00:00Z
20200313,NC,15,86,,,,101,2020-03-13T20:00:00Z
20200313,ND,1,39,12,,0,52,2020-03-13T20:00:00Z
20200313,NE,13,80,33,,,126,2020-03-13T20:00:00Z
20200313,NH,6,94,21,,,121,2020-03-13T20:00:00Z
20200313,NJ,50,97,80,,1,227,2020-03-13T20:00:00Z
20200313,NM,10,190,,,,200,2020-03-13T20:00:00Z
20200313,NV,11,168,,,,179,2020-03-13T20:00:00Z
20200313,NY,421,2779,,,,3200,2020-03-13T20:00:00Z
20200313,OH,13,50,159,,,222,2020-03-13T20:00:00Z
20200313,OK,3,36,37,,,76,2020-03-13T20:00:00Z
20200313,OR,30,337,157,,,524,2020-03-13T20:00:00Z
20200313,PA,33,140,130,,,303,2020-03-13T20:00:00Z
20200313,RI,14,142,29,,,185,2020-03-13T20:00:00Z
20200313,SC,12,75,,,,87,2020-03-13T20:00:00Z
20200313,SD,9,73,11,,,93,2020-03-13T20:00:00Z
20200313,TN,26,116,,,,142,2020-03-13T20:00:00Z
20200313,TX,39,,,,,39,2020-03-13T20:00:00Z
20200313,UT,6,131,,,,137,2020-03-13T20:00:00Z
20200313,VA,30,117,,,,147,2020-03-13T20:00:00Z
20200313,VT,2,142,,,,144,2020-03-13T20:00:00Z
20200313,WA,457,4350,,,31,4807,2020-03-13T20:00:00Z
20200313,WI,19,169,,,,188,2020-03-13T20:00:00Z
20200313,WV,0,17,4,,,21,2020-03-13T20:00:00Z
20200313,WY,1,,,,,1,2020-03-13T20:00:00Z
20200312,AK,0,46,14,,,60,2020-03-12T20:00:00Z
20200312,AL,0,10,,,,10,2020-03-12T20:00:00Z
20200312,AR,6,24,20,,,50,2020-03-12T20:00:00Z
20200312,AZ,9,82,24,,,115,2020-03-12T20:00:00Z
20200312,CA,202,916,,,4,1118,2020-03-12T20:00:00Z
20200312,CO,45,298,,,,343,2020-03-12T20:00:00Z
20200312,CT,6,89,,,,95,2020-03-12T20:00:00Z
20200312,DC,10,20,,,,30,2020-03-12T20:00:00Z
20200312,DE,4,23,14,,,41,2020-03-12T20:00:00Z
20200312,FL,32,301,147,,2,480,2020-03-12T20:00:00Z
20200312,GA,31,,,,,31,2020-03-12T20:00:00Z
20200312,HI,2,,,,,2,2020-03-12T20:00:00Z
20200312,IA,14,67,24,,,105,2020-03-12T20:00:00Z
20200312,ID,0,93,,,,93,2020-03-12T20:00:00Z
20200312,IL,25,266,76,,,367,2020-03-12T20:00:00Z
20200312,IN,12,52,,,,64,2020-03-12T20:00:00Z
20200312,KS,4,41,,,,45,2020-03-12T20:00:00Z
20200312,KY,8,56,,,,64,2020-03-12T20:00:00Z
20200312,LA,14,37,,,,51,2020-03-12T20:00:00Z
20200312,MA,95,,,,,95,2020-03-12T20:00:00Z
20200312,MD,12,94,,,,106,2020-03-12T20:00:00Z
20200312,ME,1,65,20,,,86,2020-03-12T20:00:00Z
20200312,MI,2,91,27,,,120,2020-03-12T20:00:00Z
20200312,MN,9,307,,,,316,2020-03-12T20:00:00Z
20200312,MO,1,64,,,,65,2020-03-12T20:00:00Z
20200312,MS,1,41,,,,42,2020-03-12T20:00:00Z
20200312,MT,1,34,,,,35,2020-03-12T20:00:00Z
20200312,NC,12,60,,,,72,2020-03-12T20:00:00Z
20200312,ND,1,12,14,,,27,2020-03-12T20:00:00Z
20200312,NE,10,80,33,,,123,2020-03-12T20:00:00Z
20200312,NH,6,94,21,,,121,2020-03-12T20:00:00Z
20200312,NJ,30,74,20,,1,124,2020-03-12T20:00:00Z
20200312,NM,5,155,,,,160,2020-03-12T20:00:00Z
20200312,NV,7,168,,,,175,2020-03-12T20:00:00Z
20200312,NY,216,,,,,216,2020-03-12T20:00:00Z
20200312,OH,5,30,52,,,87,2020-03-12T20:00:00Z
20200312,OK,3,36,4,,,43,2020-03-12T20:00:00Z
20200312,OR,19,286,62,,,367,2020-03-12T20:00:00Z
20200312,PA,22,116,81,,,219,2020-03-12T20:00:00Z
20200312,RI,5,94,8,,,107,2020-03-12T20:00:00Z
20200312,SC,10,48,,,,58,2020-03-12T20:00:00Z
20200312,SD,8,27,11,,,46,2020-03-12T20:00:00Z
20200312,TN,18,79,,,,97,2020-03-12T20:00:00Z
20200312,TX,23,,,,,23,2020-03-12T20:00:00Z
20200312,UT,4,131,,,,135,2020-03-12T20:00:00Z
20200312,VA,17,117,,,,134,2020-03-12T20:00:00Z
20200312,VT,2,97,,,,99,2020-03-12T20:00:00Z
20200312,WA,337,3037,,,29,3403,2020-03-12T20:00:00Z
20200312,WI,8,84,,,,92,2020-03-12T20:00:00Z
20200312,WV,0,7,1,,,8,2020-03-12T20:00:00Z
20200312,WY,1,,,,,1,2020-03-12T20:00:00Z
20200311,AK,0,46,14,,,60,2020-03-11T20:00:00Z
20200311,AL,0,10,,,,10,2020-03-11T20:00:00Z
20200311,AR,0,12,14,,,26,2020-03-11T20:00:00Z
20200311,AZ,9,59,32,,,100,2020-03-11T20:00:00Z
20200311,CA,157,916,,,,1073,2020-03-11T20:00:00Z
20200311,CO,28,251,,,,279,2020-03-11T20:00:00Z
20200311,CT,3,71,,,,74,2020-03-11T20:00:00Z
20200311,DC,4,20,15,,,39,2020-03-11T20:00:00Z
20200311,DE,1,17,2,,,20,2020-03-11T20:00:00Z
20200311,FL,28,301,147,,2,476,2020-03-11T20:00:00Z
20200311,GA,22,,,,,22,2020-03-11T20:00:00Z
20200311,HI,2,,,,,2,2020-03-11T20:00:00Z
20200311,IA,13,46,27,,,86,2020-03-11T20:00:00Z
20200311,ID,0,67,,,,67,2020-03-11T20:00:00Z
20200311,IL,19,244,63,,,326,2020-03-11T20:00:00Z
20200311,IN,10,33,,,,43,2020-03-11T20:00:00Z
20200311,KS,1,41,,,,42,2020-03-11T20:00:00Z
20200311,KY,8,46,,,,54,2020-03-11T20:00:00Z
20200311,LA,6,37,,,,43,2020-03-11T20:00:00Z
20200311,MA,92,,,,,92,2020-03-11T20:00:00Z
20200311,MD,9,94,,,,103,2020-03-11T20:00:00Z
20200311,ME,0,42,5,,,47,2020-03-11T20:00:00Z
20200311,MI,2,57,18,,,77,2020-03-11T20:00:00Z
20200311,MN,5,217,,,,222,2020-03-11T20:00:00Z
20200311,MO,1,,,,,1,2020-03-11T20:00:00Z
20200311,MS,0,20,,,,20,2020-03-11T20:00:00Z
20200311,MT,0,21,,,,21,2020-03-11T20:00:00Z
20200311,NC,7,,,,,7,2020-03-11T20:00:00Z
20200311,ND,0,7,6,,,13,2020-03-11T20:00:00Z
20200311,NE,5,47,16,,,68,2020-03-11T20:00:00Z
20200311,NH,4,38,5,,,47,2020-03-11T20:00:00Z
20200311,NJ,24,57,20,,1,100,2020-03-11T20:00:00Z
20200311,NM,3,87,,,,90,2020-03-11T20:00:00Z
20200311,NV,5,168,,,,173,2020-03-11T20:00:00Z
20200311,NY,216,,,,,216,2020-03-11T20:00:00Z
20200311,OH,4,21,24,,,49,2020-03-11T20:00:00Z
20200311,OK,2,15,11,,,28,2020-03-11T20:00:00Z
20200311,OR,19,286,62,,,367,2020-03-11T20:00:00Z
20200311,PA,15,88,54,,,157,2020-03-11T20:00:00Z
20200311,RI,5,58,24,,,87,2020-03-11T20:00:00Z
20200311,SC,9,32,,,,41,2020-03-11T20:00:00Z
20200311,SD,5,13,2,,,20,2020-03-11T20:00:00Z
20200311,TN,7,50,,,,57,2020-03-11T20:00:00Z
20200311,TX,21,,,,,21,2020-03-11T20:00:00Z
20200311,UT,2,,,,,2,2020-03-11T20:00:00Z
20200311,VA,9,60,,,,69,2020-03-11T20:00:00Z
20200311,VT,1,62,,,,63,2020-03-11T20:00:00Z
20200311,WA,267,2175,,,24,2466,2020-03-11T20:00:00Z
20200311,WI,3,43,,,,46,2020-03-11T20:00:00Z
20200311,WV,0,3,2,,,5,2020-03-11T20:00:00Z
20200311,WY,0,,,,,0,2020-03-11T20:00:00Z
20200310,AK,0,23,9,,,32,2020-03-10T20:00:00Z
20200310,AL,0,0,0,,,0,2020-03-10T20:00:00Z
20200310,AR,0,12,3,,,15,2020-03-10T20:00:00Z
20200310,AZ,6,51,27,,,84,2020-03-10T20:00:00Z
20200310,CA,133,690,,,,823,2020-03-10T20:00:00Z
20200310,CO,12,142,1,,,155,2020-03-10T20:00:00Z
20200310,CT,2,54,,,,56,2020-03-10T20:00:00Z
20200310,DC,5,17,2,,,24,2020-03-10T20:00:00Z
20200310,DE,0,17,3,,,20,2020-03-10T20:00:00Z
20200310,FL,19,222,155,,,396,2020-03-10T20:00:00Z
20200310,GA,17,,,,,17,2020-03-10T20:00:00Z
20200310,HI,2,,,,,2,2020-03-10T20:00:00Z
20200310,IA,8,32,11,,,51,2020-03-10T20:00:00Z
20200310,ID,0,41,,,,41,2020-03-10T20:00:00Z
20200310,IL,19,244,63,,,326,2020-03-10T20:00:00Z
20200310,IN,6,30,,,,36,2020-03-10T20:00:00Z
20200310,KS,1,17,21,,,39,2020-03-10T20:00:00Z
20200310,KY,6,28,,,,34,2020-03-10T20:00:00Z
20200310,LA,1,11,,,,12,2020-03-10T20:00:00Z
20200310,MA,92,,,,,92,2020-03-10T20:00:00Z
20200310,MD,6,89,,,,95,2020-03-10T20:00:00Z
20200310,ME,0,20,5,,,25,2020-03-10T20:00:00Z
20200310,MI,0,39,24,,,63,2020-03-10T20:00:00Z
20200310,MN,3,132,,,,135,2020-03-10T20:00:00Z
20200310,MO,1,,,,,1,2020-03-10T20:00:00Z
20200310,MS,0,,,,,0,2020-03-10T20:00:00Z
20200310,MT,0,15,,,,15,2020-03-10T20:00:00Z
20200310,NC,7,,,,,7,2020-03-10T20:00:00Z
20200310,ND,0,6,2,,,8,2020-03-10T20:00:00Z
20200310,NE,3,47,16,,,66,2020-03-10T20:00:00Z
20200310,NH,4,38,5,,,47,2020-03-10T20:00:00Z
20200310,NJ,15,44,20,,,79,2020-03-10T20:00:00Z
20200310,NM,0,69,,,,69,2020-03-10T20:00:00Z
20200310,NV,0,14,,,,14,2020-03-10T20:00:00Z
20200310,NY,173,92,,,,265,2020-03-10T20:00:00Z
20200310,OH,3,14,15,,,32,2020-03-10T20:00:00Z
20200310,OK,2,15,11,,,28,2020-03-10T20:00:00Z
20200310,OR,15,213,67,,,295,2020-03-10T20:00:00Z
20200310,PA,12,,,,,12,2020-03-10T20:00:00Z
20200310,RI,3,53,6,,,62,2020-03-10T20:00:00Z
20200310,SC,7,24,,,,31,2020-03-10T20:00:00Z
20200310,SD,0,11,0,,,11,2020-03-10T20:00:00Z
20200310,TN,7,,,,,7,2020-03-10T20:00:00Z
20200310,TX,13,,,,,13,2020-03-10T20:00:00Z
20200310,UT,2,,,,,2,2020-03-10T20:00:00Z
20200310,VA,8,53,,,,61,2020-03-10T20:00:00Z
20200310,VT,1,40,,,,41,2020-03-10T20:00:00Z
20200310,WA,162,1110,,,,1272,2020-03-10T20:00:00Z
20200310,WI,2,36,,,,38,2020-03-10T20:00:00Z
20200310,WV,0,2,3,,,5,2020-03-10T20:00:00Z
20200310,WY,0,0,0,,,0,2020-03-10T20:00:00Z
20200309,AK,0,23,9,,,32,2020-03-09T20:00:00Z
20200309,AL,0,,,,,0,2020-03-09T20:00:00Z
20200309,AR,0,12,0,,,12,2020-03-09T20:00:00Z
20200309,AZ,5,44,7,,,56,2020-03-09T20:00:00Z
20200309,CA,114,690,,,,804,2020-03-09T20:00:00Z
20200309,CO,9,133,,,,142,2020-03-09T20:00:00Z
20200309,CT,1,46,,,,47,2020-03-09T20:00:00Z
20200309,DC,1,14,3,,,18,2020-03-09T20:00:00Z
20200309,DE,0,15,3,,,18,2020-03-09T20:00:00Z
20200309,FL,18,140,115,,,273,2020-03-09T20:00:00Z
20200309,GA,12,,,,,12,2020-03-09T20:00:00Z
20200309,HI,2,,,,,2,2020-03-09T20:00:00Z
20200309,IA,3,26,8,,,37,2020-03-09T20:00:00Z
20200309,ID,0,41,,,,41,2020-03-09T20:00:00Z
20200309,IL,7,191,44,,,242,2020-03-09T20:00:00Z
20200309,IN,2,,,,,2,2020-03-09T20:00:00Z
20200309,KS,1,11,0,,,12,2020-03-09T20:00:00Z
20200309,KY,4,17,,,,21,2020-03-09T20:00:00Z
20200309,LA,1,5,,,,6,2020-03-09T20:00:00Z
20200309,MA,41,,,,,41,2020-03-09T20:00:00Z
20200309,MD,5,73,,,,78,2020-03-09T20:00:00Z
20200309,ME,0,1,,,,1,2020-03-09T20:00:00Z
20200309,MI,0,36,11,,,47,2020-03-09T20:00:00Z
20200309,MN,2,80,,,,82,2020-03-09T20:00:00Z
20200309,MO,1,,,,,1,2020-03-09T20:00:00Z
20200309,MS,0,,,,,0,2020-03-09T20:00:00Z
20200309,MT,0,11,0,,,11,2020-03-09T20:00:00Z
20200309,NC,2,,,,,2,2020-03-09T20:00:00Z
20200309,ND,0,0,,,,0,2020-03-09T20:00:00Z
20200309,NE,3,36,9,,,48,2020-03-09T20:00:00Z
20200309,NH,4,38,5,,,47,2020-03-09T20:00:00Z
20200309,NJ,11,35,14,,,60,2020-03-09T20:00:00Z
20200309,NM,0,57,0,,,57,2020-03-09T20:00:00Z
20200309,NV,1,14,,,,15,2020-03-09T20:00:00Z
20200309,NY,142,92,,,,234,2020-03-09T20:00:00Z
20200309,OH,3,11,5,,,19,2020-03-09T20:00:00Z
20200309,OK,1,8,10,,,19,2020-03-09T20:00:00Z
20200309,OR,14,165,52,,,231,2020-03-09T20:00:00Z
20200309,PA,7,,,,,7,2020-03-09T20:00:00Z
20200309,RI,3,53,6,,,62,2020-03-09T20:00:00Z
20200309,SC,7,24,,,,31,2020-03-09T20:00:00Z
20200309,SD,0,5,0,,,5,2020-03-09T20:00:00Z
20200309,TN,3,,,,,3,2020-03-09T20:00:00Z
20200309,TX,12,,,,,12,2020-03-09T20:00:00Z
20200309,UT,1,,,,,1,2020-03-09T20:00:00Z
20200309,VA,3,38,9,,,50,2020-03-09T20:00:00Z
20200309,VT,1,34,,,,35,2020-03-09T20:00:00Z
20200309,WA,136,1110,,,,1246,2020-03-09T20:00:00Z
20200309,WI,1,36,,,,37,2020-03-09T20:00:00Z
20200309,WV,0,2,3,,,5,2020-03-09T20:00:00Z
20200309,WY,0,,,,,0,2020-03-09T20:00:00Z
20200308,NY,105,92,,,,197,2020-03-08T20:00:00Z
20200308,WA,102,640,60,,,802,2020-03-08T20:00:00Z
20200308,CA,88,462,,,,550,2020-03-08T20:00:00Z
20200308,FL,17,118,108,,,243,2020-03-08T20:00:00Z
20200308,OR,14,100,53,,,167,2020-03-08T20:00:00Z
20200308,MA,13,,,,,13,2020-03-08T20:00:00Z
20200308,CO,8,104,,,,112,2020-03-08T20:00:00Z
20200308,TX,8,,,,,8,2020-03-08T20:00:00Z
20200308,GA,7,,,,,7,2020-03-08T20:00:00Z
20200308,IL,6,191,44,,,241,2020-03-08T20:00:00Z
20200308,NJ,6,31,0,,,37,2020-03-08T20:00:00Z
20200308,AZ,5,44,7,,,56,2020-03-08T20:00:00Z
20200308,NH,4,38,5,,,47,2020-03-08T20:00:00Z
20200308,PA,4,,,,,4,2020-03-08T20:00:00Z
20200308,MD,3,52,,,,55,2020-03-08T20:00:00Z
20200308,RI,3,30,12,,,45,2020-03-08T20:00:00Z
20200308,TN,3,,,,,3,2020-03-08T20:00:00Z
20200308,VA,2,36,6,,,44,2020-03-08T20:00:00Z
20200308,SC,2,8,,,,10,2020-03-08T20:00:00Z
20200308,IN,2,,,,,2,2020-03-08T20:00:00Z
20200308,NC,2,,,,,2,2020-03-08T20:00:00Z
20200308,MN,1,48,,,,49,2020-03-08T20:00:00Z
20200308,WI,1,31,12,,,44,2020-03-08T20:00:00Z
20200308,CT,1,29,8,,,38,2020-03-08T20:00:00Z
20200308,VT,1,28,,,,29,2020-03-08T20:00:00Z
20200308,NE,1,17,5,,,23,2020-03-08T20:00:00Z
20200308,NV,1,14,,,,15,2020-03-08T20:00:00Z
20200308,KY,1,13,,,,14,2020-03-08T20:00:00Z
20200308,KS,1,11,0,,,12,2020-03-08T20:00:00Z
20200308,DC,1,10,0,,,11,2020-03-08T20:00:00Z
20200308,OK,1,8,2,,,11,2020-03-08T20:00:00Z
20200308,HI,1,,,,,1,2020-03-08T20:00:00Z
20200308,MO,1,,,,,1,2020-03-08T20:00:00Z
20200308,UT,1,,,,,1,2020-03-08T20:00:00Z
20200308,NM,0,48,0,,,48,2020-03-08T20:00:00Z
20200308,MI,0,26,10,,,36,2020-03-08T20:00:00Z
20200308,ID,0,27,,,,27,2020-03-08T20:00:00Z
20200308,AK,0,14,6,,,20,2020-03-08T20:00:00Z
20200308,IA,0,15,2,,,17,2020-03-08T20:00:00Z
20200308,OH,0,10,4,,,14,2020-03-08T20:00:00Z
20200308,MT,0,11,,,,11,2020-03-08T20:00:00Z
20200308,DE,0,10,0,,,10,2020-03-08T20:00:00Z
20200308,AR,0,6,0,,,6,2020-03-08T20:00:00Z
20200308,LA,0,5,,,,5,2020-03-08T20:00:00Z
20200308,SD,0,5,0,,,5,2020-03-08T20:00:00Z
20200308,WV,0,2,3,,,5,2020-03-08T20:00:00Z
20200308,ME,0,1,,,,1,2020-03-08T20:00:00Z
20200308,AL,0,,,,,0,2020-03-08T20:00:00Z
20200308,MS,0,,,,,0,2020-03-08T20:00:00Z
20200308,ND,0,0,,,,0,2020-03-08T20:00:00Z
20200308,WY,0,,,,,0,2020-03-08T20:00:00Z
20200307,WA,102,370,66,,,538,2020-03-07T21:00:00Z
20200307,NY,76,92,236,,,404,2020-03-07T21:00:00Z
20200307,CA,69,462,,,,531,2020-03-07T21:00:00Z
20200307,FL,14,100,88,,,202,2020-03-07T21:00:00Z
20200307,MA,13,,,,,13,2020-03-07T21:00:00Z
20200307,CO,8,55,69,,,132,2020-03-07T21:00:00Z
20200307,TX,8,,,,,8,2020-03-07T21:00:00Z
20200307,OR,7,77,40,,,124,2020-03-07T21:00:00Z
20200307,IL,6,191,44,,,241,2020-03-07T21:00:00Z
20200307,GA,6,,,,,6,2020-03-07T21:00:00Z
20200307,AZ,5,44,7,,,56,2020-03-07T21:00:00Z
20200307,NJ,4,,1,,,5,2020-03-07T21:00:00Z
20200307,MD,3,41,,,,44,2020-03-07T21:00:00Z
20200307,NH,2,20,3,,,25,2020-03-07T21:00:00Z
20200307,SC,2,8,,,,10,2020-03-07T21:00:00Z
20200307,NC,2,,,,,2,2020-03-07T21:00:00Z
20200307,PA,2,,,,,2,2020-03-07T21:00:00Z
20200307,RI,2,,,,,2,2020-03-07T21:00:00Z
20200307,MN,1,48,,,,49,2020-03-07T21:00:00Z
20200307,WI,1,31,12,,,44,2020-03-07T21:00:00Z
20200307,NE,1,17,5,,,23,2020-03-07T21:00:00Z
20200307,NV,1,14,,,,15,2020-03-07T21:00:00Z
20200307,KY,1,9,,,,10,2020-03-07T21:00:00Z
20200307,HI,1,,,,,1,2020-03-07T21:00:00Z
20200307,IN,1,,,,,1,2020-03-07T21:00:00Z
20200307,OK,1,,,,,1,2020-03-07T21:00:00Z
20200307,TN,1,,,,,1,2020-03-07T21:00:00Z
20200307,UT,1,,,,,1,2020-03-07T21:00:00Z
20200307,NM,0,48,0,,,48,2020-03-07T21:00:00Z
20200307,VA,0,31,7,,,38,2020-03-07T21:00:00Z
20200307,ID,0,27,,,,27,2020-03-07T21:00:00Z
20200307,MI,0,18,9,,,27,2020-03-07T21:00:00Z
20200307,IA,0,15,2,,,17,2020-03-07T21:00:00Z
20200307,VT,0,16,,,,16,2020-03-07T21:00:00Z
20200307,AK,0,12,2,,,14,2020-03-07T21:00:00Z
20200307,OH,0,9,5,,,14,2020-03-07T21:00:00Z
20200307,KS,0,11,2,,,13,2020-03-07T21:00:00Z
20200307,MT,0,11,,,,11,2020-03-07T21:00:00Z
20200307,DE,0,10,0,,,10,2020-03-07T21:00:00Z
20200307,DC,0,8,1,,,9,2020-03-07T21:00:00Z
20200307,AR,0,6,0,,,6,2020-03-07T21:00:00Z
20200307,SD,0,5,0,,,5,2020-03-07T21:00:00Z
20200307,WV,0,2,3,,,5,2020-03-07T21:00:00Z
20200307,ME,0,1,,,,1,2020-03-07T21:00:00Z
20200307,LA,0,,,,,0,2020-03-07T21:00:00Z
20200307,MO,0,,,,,0,2020-03-07T21:00:00Z
20200307,MS,0,,,,,0,2020-03-07T21:00:00Z
20200307,ND,0,0,,,,0,2020-03-07T21:00:00Z
20200307,WY,0,,,,,0,2020-03-07T21:00:00Z
20200307,AL,0,,,,,0,2020-03-07T21:00:00Z
20200307,CT,0,,,,,0,2020-03-07T21:00:00Z
20200306,WA,79,370,,,,449,2020-03-06T21:00:00Z
20200306,CA,60,462,,,,522,2020-03-06T21:00:00Z
20200306,NY,33,92,236,,,361,2020-03-06T21:00:00Z
20200306,FL,9,55,51,,,115,2020-03-06T21:00:00Z
20200306,MA,8,,,,,8,2020-03-06T21:00:00Z
20200306,IL,5,180,35,,,220,2020-03-06T21:00:00Z
20200306,TX,5,,,,,5,2020-03-06T21:00:00Z
20200306,AZ,3,33,15,,,51,2020-03-06T21:00:00Z
20200306,MD,3,26,12,,,41,2020-03-06T21:00:00Z
20200306,OR,3,64,28,,,95,2020-03-06T21:00:00Z
20200306,CO,2,46,30,,,78,2020-03-06T21:00:00Z
20200306,GA,2,,,,,2,2020-03-06T21:00:00Z
20200306,NC,2,,,,,2,2020-03-06T21:00:00Z
20200306,NH,2,20,3,,,25,2020-03-06T21:00:00Z
20200306,PA,2,,,,,2,2020-03-06T21:00:00Z
20200306,IN,1,,,,,1,2020-03-06T21:00:00Z
20200306,NJ,1,,,,,1,2020-03-06T21:00:00Z
20200306,NV,1,14,,,,15,2020-03-06T21:00:00Z
20200306,TN,1,,,,,1,2020-03-06T21:00:00Z
20200306,WI,1,31,12,,,44,2020-03-06T21:00:00Z
20200306,AK,0,8,1,,,9,2020-03-06T21:00:00Z
20200306,AR,0,6,0,,,6,2020-03-06T21:00:00Z
20200306,DC,0,8,1,,,9,2020-03-06T21:00:00Z
20200306,DE,0,10,0,,,10,2020-03-06T21:00:00Z
20200306,IA,0,15,2,,,17,2020-03-06T21:00:00Z
20200306,KS,0,4,0,,,4,2020-03-06T21:00:00Z
20200306,KY,0,7,3,,,10,2020-03-06T21:00:00Z
20200306,MI,0,8,8,,,16,2020-03-06T21:00:00Z
20200306,MN,0,36,,,,36,2020-03-06T21:00:00Z
20200306,NE,0,17,5,,,22,2020-03-06T21:00:00Z
20200306,NM,0,16,0,,,16,2020-03-06T21:00:00Z
20200306,OH,0,8,2,,,10,2020-03-06T21:00:00Z
20200306,SC,0,5,0,,,5,2020-03-06T21:00:00Z
20200306,VA,0,21,10,,,31,2020-03-06T21:00:00Z
20200306,VT,0,8,,,,8,2020-03-06T21:00:00Z
20200306,WV,0,1,4,,,5,2020-03-06T21:00:00Z
20200305,WA,70,,,,,70,2020-03-05T21:00:00Z
20200305,CA,53,462,,,,515,2020-03-05T21:00:00Z
20200305,NY,22,76,24,,,122,2020-03-05T21:00:00Z
20200305,FL,9,31,69,,,109,2020-03-05T21:00:00Z
20200305,IL,5,165,27,,,197,2020-03-05T21:00:00Z
20200305,OR,3,45,13,,,61,2020-03-05T21:00:00Z
20200305,AZ,2,28,6,,,36,2020-03-05T21:00:00Z
20200305,GA,2,,,,,2,2020-03-05T21:00:00Z
20200305,MA,2,,,,,2,2020-03-05T21:00:00Z
20200305,NH,2,16,4,,,22,2020-03-05T21:00:00Z
20200305,NC,1,,,,,1,2020-03-05T21:00:00Z
20200305,NJ,1,,,,,1,2020-03-05T21:00:00Z
20200305,NV,1,14,,,,15,2020-03-05T21:00:00Z
20200305,TN,1,,,,,1,2020-03-05T21:00:00Z
20200305,TX,1,,,,,1,2020-03-05T21:00:00Z
20200305,WI,1,19,6,,,26,2020-03-05T21:00:00Z
20200305,CO,0,19,21,,,40,2020-03-05T21:00:00Z
20200305,DC,0,6,2,,,8,2020-03-05T21:00:00Z
20200305,MI,0,8,0,,,8,2020-03-05T21:00:00Z
20200305,NE,0,17,5,,,22,2020-03-05T21:00:00Z
20200305,OH,0,7,3,,,10,2020-03-05T21:00:00Z
20200305,SC,0,5,0,,,5,2020-03-05T21:00:00Z
20200305,VA,0,18,3,,,21,2020-03-05T21:00:00Z
20200305,MD,0,17,14,,,31,2020-03-05T21:00:00Z
20200304,AZ,2,27,5,,,34,2020-03-04T21:00:00Z
20200304,CA,53,462,,,,515,2020-03-04T21:00:00Z
20200304,FL,2,24,16,,,42,2020-03-04T21:00:00Z
20200304,GA,2,,,,,2,2020-03-04T21:00:00Z
20200304,IL,4,124,27,,,155,2020-03-04T21:00:00Z
20200304,MA,2,,,,,2,2020-03-04T21:00:00Z
20200304,NC,1,,,,,1,2020-03-04T21:00:00Z
20200304,NH,2,10,7,,,19,2020-03-04T21:00:00Z
20200304,NY,6,48,24,,,78,2020-03-04T21:00:00Z
20200304,OR,3,29,18,,,50,2020-03-04T21:00:00Z
20200304,SC,0,5,0,,,5,2020-03-04T21:00:00Z
20200304,TX,1,,,,,1,2020-03-04T21:00:00Z
20200304,WA,39,,,,,39,2020-03-04T21:00:00Z
20200304,WI,1,19,6,,,26,2020-03-04T21:00:00Z